WKT_GEOM;ID_CARABIN;DENOMINAZ;INDIRIZZO;CITTA;CAP;CIRCOSCRIZ;TELEFONO;FAX;EMAIL;EMAIL2;URL;COORD_X;COORD_Y
POINT (1396758.41 4991129.967);1;Legione Carabinieri Piemonte E Valle D Aosta;VIA S. CROCE 4;TORINO;10123;1;0116881;0116881;;carabinieri@carabinieri.it;http://www.carabinieri.it/Internet/;1396758,41;4991129,967
POINT (1395400.988 4991699.945);2;Comando Provinciale di Torino;VIA BEATO SEBASTIANO VALFRE' 5;TORINO;10121;1;0116881;0116881;provtocdo@carabinieri.it;carabinieri@carabinieri.it;http://www.carabinieri.it/Internet/;1395400,988;4991699,945
POINT (1393504.282 4993342.541);4;Stazione CC - Torino Borgo Campidoglio;CORSO APPIO CLAUDIO 80;TORINO;10146;4;011756767;011747472;stto131210@carabinieri.it;carabinieri@carabinieri.it;http://www.carabinieri.it/Internet/;1393504,282;4993342,541
POINT (1394869.68 4986423.984);5;Stazione CC - Torino Borgo Lingotto;VIA SOMMARIVA 10;TORINO;10127;8;0116963973;0116631446;stto131230@carabinieri.it;carabinieri@carabinieri.it;http://www.carabinieri.it/Internet/;1394869,68;4986423,984
POINT (1391276.779 4985950.886);6;Stazione CC - Torino Borgo Mirafiori;VIA PLAVA 79;TORINO;10135;2;0113233300;0116886125;stto131250@carabinieri.it;carabinieri@carabinieri.it;http://www.carabinieri.it/Internet/;1391276,779;4985950,886
POINT (1396244.84 4989756.735);7;Stazione CC - Torino Borgo San Salvario;VIA ODDINO MORGARI 29;TORINO;10125;8;011657429;0116593399;stto131150@carabinieri.it;carabinieri@carabinieri.it;http://www.carabinieri.it/Internet/;1396244,84;4989756,735
POINT (1394192.454 4989238.957);8;Stazione CC -  Torino Borgo San Secondo;CORSO MONTE LUNGO 51;TORINO;10134;2;0113199680;0113189659;stto131140@carabinieri.it;carabinieri@carabinieri.it;http://www.carabinieri.it/Internet/;1394192,454;4989238,957
POINT (1400355.901 4992742.282);9;Stazione CC - Torino Barriera Casale;STRADA AL TRAFORO DI PINO 15;TORINO;10132;7;0118992846;0118903399;stto131160@carabinieri.it;carabinieri@carabinieri.it;http://www.carabinieri.it/Internet/;1400355,901;4992742,282
POINT (1397133.073 4990056.651);10;Stazione CC - Torino Barriera Piacenza;VIA DELLA BROCCA 9;TORINO;10133;8;0116601140;0116602712;stto131240@carabinieri.it;carabinieri@carabinieri.it;http://www.carabinieri.it/Internet/;1397133,073;4990056,651
POINT (1395022.098 4993624.409);11;Stazione CC - Torino Borgo San Donato;CORSO UMBRIA 59;TORINO;10144;4;011484347;0114303812;stto131130@carabinieri.it;carabinieri@carabinieri.it;http://www.carabinieri.it/Internet/;1395022,098;4993624,409
POINT (1391276.779 4985950.886);12;Compagnia CC - Torino Mirafiori;VIA PLAVA 79;TORINO;10135;2;0113233300;0113233300;cpto131200cdo@carabinieri.;carabinieri@carabinieri.it;http://www.carabinieri.it/Internet/;1391276,779;4985950,886
POINT (1395400.988 4991699.945);13;Stazione CC - Torino Monviso;VIA BEATO SEBASTIANO VALFRE' 5;TORINO;10121;1;0115629668;0115613790;stto131120@carabinieri.it;carabinieri@carabinieri.it;http://www.carabinieri.it/Internet/;1395400,988;4991699,945
POINT (1398342.289 4996904.089);14;Compagnia CC - Torino Oltre Dora;CORSO VERCELLI 455;TORINO;10156;6;0112225000;0112225000;cpto131800cdo@carabinieri.;carabinieri@carabinieri.it;http://www.carabinieri.it/Internet/;1398342,289;4996904,089
POINT (1397328.893 4991180.468);15;Stazione CC - Torino Po Vanchiglia;VIA GIULIA DI BAROLO 6;TORINO;10124;1;0116886000;0116886034;stto131110@carabinieri.it;carabinieri@carabinieri.it;http://www.carabinieri.it/Internet/;1397328,893;4991180,468
POINT (1392110.542 4989643.798);16;Stazione CC - Torino Pozzo Strada;VIA GUIDO RENI 62;TORINO;10136;2;011356527;011356527;stto131220@carabinieri.it;carabinieri@carabinieri.it;http://www.carabinieri.it/Internet/;1392110,542;4989643,798
POINT (1397328.893 4991180.468);17;Compagnia CC - Torino San Carlo;VIA GIULIA DI BAROLO 6;TORINO;10124;1;0116886000;0116886000;cpto131100cdo@carabinieri.;carabinieri@carabinieri.it;http://www.carabinieri.it/Internet/;1397328,893;4991180,468
POINT (1397227.119 4993936.619);18;Stazione CC - Torino Barriera Milano;VIA FRANCESCO CIGNA 96 int. 23;TORINO;10155;6;011850808;0112410326;stto131830@carabinieri.it;carabinieri@carabinieri.it;http://www.carabinieri.it/Internet/;1397227,119;4993936,619
POINT (1398342.289 4996904.089);19;Stazione CC - Torino Borgo Falchera;CORSO VERCELLI 455;TORINO;10156;6;0112225000;0116886225;stto131810@carabinieri.it;carabinieri@carabinieri.it;http://www.carabinieri.it/Internet/;1398342,289;4996904,089
POINT (1397755.339 4992399.075);20;Stazione CC - Torino Borgo Dora;VIA CATANIA 50;TORINO;10153;7;011857216;0112410333;stto131850@carabinieri.it;carabinieri@carabinieri.it;http://www.carabinieri.it/Internet/;1397755,339;4992399,075
POINT (1392652.543 4995236.272);21;Stazione CC - Torino Le Vallette;VIA DELLE GLICINI 1;TORINO;10151;5;011733750;0114551753;stto131820@carabinieri.it;carabinieri@carabinieri.it;http://www.carabinieri.it/Internet/;1392652,543;4995236,272
POINT (1398893.82 4993729.914);22;Stazione CC - Torino Regio Parco;CORSO REGIO PARCO 143;TORINO;10154;6;011202389;0112058717;stto131840@carabinieri.it;carabinieri@carabinieri.it;http://www.carabinieri.it/Internet/;1398893,82;4993729,914
POINT (1395504.189 4991840.897);23;Scuola - Allievi Carabinieri;VIA CERNAIA 23;TORINO;10121;1;01155191;;;carabinieri@carabinieri.it;http://www.carabinieri.it/Internet/;1395504,189;4991840,897
POINT (1396571.58854167 4992114.79895833);26;Nucleo Tpc - Tutela Patrimonio Culturale;VIA VENTI SETTEMBRE 88;TORINO;10122;1;;;tpctonu@carabinieri.it;carabinieri@carabinieri.it;http://www.carabinieri.it/Internet/;1396571,58854167;4992114,79895833
POINT (1396878.312 4991526.449);29;Comando Carabinieri Tutela Ambiente - Nucleo Operativo Ecologico;VIA GIUSEPPE VERDI 9;TORINO;10124;1;0118159390;;noetocdo@carabinieri.it;carabinieri@carabinieri.it;http://www.carabinieri.it/Internet/;1396878,312;4991526,449
POINT (1395113.354 4991782.566);3;Nucleo CC - Antisofisticazioni e Sanita' N.A.S.;CORSO BOLZANO 30;TORINO;10121;1;0115623302;0115623060;ccTOnasCDO@carabinieri.it;carabinieri@carabinieri.it;http://www.carabinieri.it/Internet/;1395113,354;4991782,566
